{"cameraMode":{"drawMode":0,"name":"Shaded","section":"Shading Mode"},"sceneLighting":true,"audioPlay":false,"sceneViewState":{"m_AlwaysRefresh":false,"showFog":true,"showSkybox":true,"showFlares":true,"showImageEffects":true,"showParticleSystems":true,"showVisualEffectGraphs":true,"m_FxEnabled":true},"in2DMode":false,"pivot":{"x":0.27704811096191409,"y":0.48938894271850588,"z":-0.5451822280883789},"rotation":{"x":-0.03445424884557724,"y":0.5534777641296387,"z":-0.02292860858142376,"w":-0.8318536877632141},"size":2.3817343711853029,"orthographic":true}