{"cameraMode":{"drawMode":0,"name":"Shaded","section":"Shading Mode"},"sceneLighting":true,"audioPlay":false,"sceneViewState":{"m_AlwaysRefresh":false,"showFog":true,"showSkybox":true,"showFlares":true,"showImageEffects":true,"showParticleSystems":true,"showVisualEffectGraphs":true,"m_FxEnabled":true},"in2DMode":false,"pivot":{"x":-0.0164911150932312,"y":1.1100000143051148,"z":-2.630000114440918},"rotation":{"x":0.296057790517807,"y":0.34464138746261599,"z":-0.11550749093294144,"w":0.8833153247833252},"size":1.8771491050720215,"orthographic":true}