{"cameraMode":{"drawMode":0,"name":"Shaded","section":"Shading Mode"},"sceneLighting":true,"audioPlay":false,"sceneViewState":{"m_AlwaysRefresh":false,"showFog":true,"showSkybox":true,"showFlares":true,"showImageEffects":true,"showParticleSystems":true,"showVisualEffectGraphs":true,"m_FxEnabled":true},"in2DMode":false,"pivot":{"x":0.23669195175170899,"y":1.2468788623809815,"z":-0.33303701877593996},"rotation":{"x":-0.21741366386413575,"y":0.5312172174453735,"z":-0.14325018227100373,"w":-0.8062433004379273},"size":2.897461414337158,"orthographic":true}