{"cameraMode":{"drawMode":0,"name":"Shaded","section":"Shading Mode"},"sceneLighting":true,"audioPlay":false,"sceneViewState":{"m_AlwaysRefresh":false,"showFog":true,"showSkybox":true,"showFlares":true,"showImageEffects":true,"showParticleSystems":true,"showVisualEffectGraphs":true,"m_FxEnabled":true},"in2DMode":false,"pivot":{"x":-0.003515481948852539,"y":1.4482553005218506,"z":-0.03570747375488281},"rotation":{"x":0.2778297960758209,"y":0.5532241463661194,"z":-0.2025696337223053,"w":0.7587616443634033},"size":7.269435405731201,"orthographic":true}