{"cameraMode":{"drawMode":0,"name":"Shaded","section":"Shading Mode"},"sceneLighting":true,"audioPlay":false,"sceneViewState":{"m_AlwaysRefresh":false,"showFog":true,"showSkybox":true,"showFlares":true,"showImageEffects":true,"showParticleSystems":true,"showVisualEffectGraphs":true,"m_FxEnabled":true},"in2DMode":false,"pivot":{"x":-0.16181272268295289,"y":0.8928624391555786,"z":-0.633215606212616},"rotation":{"x":0.1889192909002304,"y":0.5010150671005249,"z":-0.11308939009904862,"w":0.8369618654251099},"size":2.1803228855133058,"orthographic":true}