{"cameraMode":{"drawMode":0,"name":"Shaded","section":"Shading Mode"},"sceneLighting":true,"audioPlay":false,"sceneViewState":{"m_AlwaysRefresh":false,"showFog":true,"showSkybox":true,"showFlares":true,"showImageEffects":true,"showParticleSystems":true,"showVisualEffectGraphs":true,"m_FxEnabled":true},"in2DMode":false,"pivot":{"x":0.23669195175170899,"y":1.2468788623809815,"z":-0.33303701877593996},"rotation":{"x":-0.1316101998090744,"y":0.8421041369438171,"z":-0.2379605770111084,"w":-0.4657505452632904},"size":2.325071096420288,"orthographic":true}